park_tipi,kapasite,longitude,latitude,acilis_saati,kapanis_saati,calisma_suresi,calisma_tipi
YOL ÜSTÜ,30,28.9879749441319,41.0488233569155,08:00:00,19:00:00,11,gunduz
YOL ÜSTÜ,50,28.9955656052444,41.0495232987717,08:00:00,19:00:00,11,gunduz
YOL ÜSTÜ,50,28.99497557817,41.0483895406422,08:00:00,19:00:00,11,gunduz
YOL ÜSTÜ,50,28.9959741661449,41.0533861999073,08:00:00,19:00:00,11,gunduz
YOL ÜSTÜ,40,28.9929548331432,41.0466296925246,08:00:00,23:59:00,15,gunduz
YOL ÜSTÜ,50,28.9944976003196,41.0478293701563,08:00:00,23:59:00,15,gunduz
YOL ÜSTÜ,0,28.9913023111126,41.0479375617614,09:00:00,21:00:00,12,gunduz
YOL ÜSTÜ,37,29.0066024007241,41.0655057224779,08:00:00,18:00:00,10,gunduz
YOL ÜSTÜ,40,29.0115881307145,41.0688297324025,07:00:00,17:00:00,10,gunduz
YOL ÜSTÜ,20,29.0941080028222,41.025531237132,08:00:00,19:00:00,11,gunduz
YOL ÜSTÜ,27,29.0034525176203,41.043801637794,09:00:00,19:00:00,10,gunduz
YOL ÜSTÜ,27,29.0024029610158,41.0463832988957,09:00:00,19:00:00,10,gunduz
YOL ÜSTÜ,22,29.0238075739657,41.0525791949699,09:00:00,18:00:00,9,gunduz
YOL ÜSTÜ,500,29.0992011597313,41.0253098598845,08:00:00,19:00:00,11,gunduz
YOL ÜSTÜ,18,29.0164071577363,41.0754029841827,08:00:00,19:00:00,11,gunduz
YOL ÜSTÜ,23,29.0166958601018,41.0759943082714,08:00:00,19:00:00,11,gunduz
YOL ÜSTÜ,40,29.0844743268431,41.0249386157846,08:00:00,19:00:00,11,gunduz
YOL ÜSTÜ,25,29.0160325169563,41.0225429704273,08:00:00,19:00:00,11,gunduz
YOL ÜSTÜ,32,28.9702788851639,41.0241210457322,08:00:00,18:00:00,10,gunduz
YOL ÜSTÜ,36,29.0405026416849,40.9920091951619,08:00:00,18:00:00,10,gunduz
YOL ÜSTÜ,25,29.1253191232681,40.992844048405,08:00:00,18:00:00,10,gunduz
YOL ÜSTÜ,60,28.9939445232645,41.03618849195,08:00:00,18:00:00,10,gunduz
YOL ÜSTÜ,50,28.9535198446565,41.0122623682819,07:30:00,18:30:00,11,gunduz
00:00-23:59,00:00-23:59,00:00-23:59,00:00-23:59,00:00:00,23:59:00,23,tum_gun
YOL ÜSTÜ,25,29.0561602469287,41.1149636096173,08:00:00,18:00:00,10,gunduz
YOL ÜSTÜ,13,29.0570374249283,41.1688570495518,08:00:00,18:00:00,10,gunduz
YOL ÜSTÜ,40,29.0749115135856,40.9611866209756,09:00:00,20:00:00,11,gunduz
YOL ÜSTÜ,40,29.0773943554361,40.9635441572401,09:00:00,20:00:00,11,gunduz
YOL ÜSTÜ,100,28.9754037237857,41.0162288353242,07:00:00,22:00:00,15,gunduz
YOL ÜSTÜ,30,29.1862580075555,40.8890847976314,08:00:00,18:00:00,10,gunduz
YOL ÜSTÜ,30,29.1883651661649,40.8894515025413,08:00:00,18:00:00,10,gunduz
YOL ÜSTÜ,50,29.1830874212264,40.8872001154773,08:00:00,18:00:00,10,gunduz
YOL ÜSTÜ,25,29.2352065289303,40.8794321103302,09:00:00,19:00:00,10,gunduz
YOL ÜSTÜ,16,29.0169571733483,41.0759876415465,08:00:00,19:00:00,11,gunduz
YOL ÜSTÜ,30,28.975060751981,41.0322512079754,07:00:00,23:59:00,16,gunduz
YOL ÜSTÜ,80,28.9742909689498,41.0039627453483,08:00:00,02:00:00,18,tum_gun
YOL ÜSTÜ,50,28.9727752057011,41.007088735229,07:00:00,18:00:00,11,gunduz
YOL ÜSTÜ,35,28.9566929102633,41.00702917811,08:00:00,18:00:00,10,gunduz
YOL ÜSTÜ,40,28.966008182442,41.012915690585,07:30:00,18:00:00,11,gunduz
YOL ÜSTÜ,30,28.9659907739697,41.0133649365751,07:30:00,18:00:00,11,gunduz
YOL ÜSTÜ,20,29.1210544109344,40.9927468719206,08:00:00,18:00:00,10,gunduz
YOL ÜSTÜ,30,28.948851266096,41.0181810129679,08:00:00,19:00:00,11,gunduz
YOL ÜSTÜ,30,28.9476636434165,41.0193617448972,08:00:00,19:00:00,11,gunduz
YOL ÜSTÜ,30,28.9443834258777,41.022743248552,08:00:00,19:00:00,11,gunduz
AÇIK OTOPARK,80,28.9327923970388,40.9989448342937,12:00:00,22:00:00,10,gunduz
AÇIK OTOPARK,100,29.0429124017311,40.9973787421223,08:00:00,22:00:00,14,gunduz
YOL ÜSTÜ,25,28.9470128094271,41.0194602703946,08:00:00,19:00:00,11,gunduz
YOL ÜSTÜ,45,28.8796835621833,40.9787060704662,08:00:00,19:00:00,11,gunduz
YOL ÜSTÜ,34,28.9038273488434,40.9929976511758,09:00:00,19:00:00,10,gunduz
YOL ÜSTÜ,50,28.914427982918,41.0321010288981,08:00:00,18:00:00,10,gunduz
YOL ÜSTÜ,50,28.9143639643179,41.0319549000146,08:00:00,18:00:00,10,gunduz
YOL ÜSTÜ,50,28.8870346708831,41.008730460792,08:00:00,18:00:00,10,gunduz
YOL ÜSTÜ,50,28.889037512361,41.0055722093448,08:00:00,18:00:00,10,gunduz
YOL ÜSTÜ,25,29.0092500399386,41.0642034983461,08:00:00,18:00:00,10,gunduz
YOL ÜSTÜ,27,29.0655460030057,41.0800099578934,09:00:00,20:00:00,11,gunduz
YOL ÜSTÜ,50,28.8245124883387,40.9614558311587,08:00:00,18:00:00,10,gunduz
YOL ÜSTÜ,50,28.8237786132743,40.9603655442851,08:00:00,18:00:00,10,gunduz
YOL ÜSTÜ,50,28.8242237924226,40.9610007498372,08:00:00,18:00:00,10,gunduz
AÇIK OTOPARK,135,28.7908059257131,40.9764200927432,08:00:00,19:00:00,11,gunduz
AÇIK OTOPARK,100,29.1884276668087,40.8872483354898,08:00:00,20:00:00,12,gunduz
YOL ÜSTÜ,30,28.2435637532274,41.0736699215229,09:00:00,23:00:00,14,gunduz
YOL ÜSTÜ,50,28.2434785971315,41.0720742205141,09:00:00,23:00:00,14,gunduz
00:00-23:59,00:00-23:59,00:00-23:59,00:00-23:59,00:00:00,23:59:00,23,tum_gun
00:00-23:59,00:00-23:59,00:00-23:59,00:00-23:59,00:00:00,23:59:00,23,tum_gun
00:00-23:59,00:00-23:59,00:00-23:59,00:00-23:59,00:00:00,23:59:00,23,tum_gun
00:00-23:59,00:00-23:59,00:00-23:59,00:00-23:59,00:00:00,23:59:00,23,tum_gun
YOL ÜSTÜ,70,28.2441313939182,41.0758050632096,09:00:00,21:00:00,12,gunduz
00:00-23:59,00:00-23:59,00:00-23:59,00:00-23:59,00:00:00,23:59:00,23,tum_gun
YOL ÜSTÜ,40,28.887420096957,41.0128304641926,08:00:00,18:00:00,10,gunduz
TAKSİ PARK,5,29.0391826472463,41.0213193943726,11:00:00,19:00:00,8,gunduz
00:00-23:59,00:00-23:59,00:00-23:59,00:00-23:59,00:00:00,23:59:00,23,tum_gun
00:00-23:59,00:00-23:59,00:00-23:59,00:00-23:59,00:00:00,23:59:00,23,tum_gun
00:00-23:59,00:00-23:59,00:00-23:59,00:00-23:59,00:00:00,23:59:00,23,tum_gun
00:00-23:59,00:00-23:59,00:00-23:59,00:00-23:59,00:00:00,23:59:00,23,tum_gun
00:00-23:59,00:00-23:59,00:00-23:59,00:00-23:59,00:00:00,23:59:00,23,tum_gun
00:00-23:59,00:00-23:59,00:00-23:59,00:00-23:59,00:00:00,23:59:00,23,tum_gun
00:00-23:59,00:00-23:59,00:00-23:59,00:00-23:59,00:00:00,23:59:00,23,tum_gun
00:00-23:59,00:00-23:59,00:00-23:59,00:00-23:59,00:00:00,23:59:00,23,tum_gun
00:00-23:59,00:00-23:59,00:00-23:59,00:00-23:59,00:00:00,23:59:00,23,tum_gun
YOL ÜSTÜ,32,28.9440397407985,41.0091178228887,07:30:00,18:00:00,11,gunduz
00:00-23:59,00:00-23:59,00:00-23:59,00:00-23:59,00:00:00,23:59:00,23,tum_gun
TAKSİ PARK,30,29.1267067463254,40.9925719800085,08:00:00,16:00:00,8,gunduz
YOL ÜSTÜ,35,28.8713505624634,40.980514470877,08:00:00,19:00:00,11,gunduz
00:00-23:59,00:00-23:59,00:00-23:59,00:00-23:59,00:00:00,23:59:00,23,tum_gun
00:00-23:59,00:00-23:59,00:00-23:59,00:00-23:59,00:00:00,23:59:00,23,tum_gun
YOL ÜSTÜ,25,28.9883966239611,41.0389534638449,07:30:00,20:30:00,13,gunduz
YOL ÜSTÜ,25,28.9879571839367,41.038232559675,07:30:00,20:30:00,13,gunduz
AÇIK OTOPARK,181,29.11371933097,40.9376691599546,08:00:00,01:00:00,19,tum_gun
TAKSİ PARK,50,29.0219934735226,40.9910509487786,07:00:00,22:00:00,15,gunduz
YOL ÜSTÜ,20,28.9891787759174,41.060288382335,08:00:00,18:00:00,10,gunduz
00:00-23:59,00:00-23:59,00:00-23:59,00:00-23:59,00:00:00,23:59:00,23,tum_gun
AÇIK OTOPARK,150,29.1224592977548,40.9498978996395,07:00:00,18:00:00,11,gunduz
YOL ÜSTÜ,40,29.0111186916334,41.0573220244955,08:00:00,18:00:00,10,gunduz
YOL ÜSTÜ,40,28.8721290488844,40.9782330778419,08:00:00,19:00:00,11,gunduz
TAKSİ PARK,5,29.1836059462357,40.8869401912973,08:00:00,16:00:00,8,gunduz
AÇIK OTOPARK,25,28.981574177742,41.0280590630134,09:00:00,21:00:00,12,gunduz
YOL ÜSTÜ,29,29.0456584096228,41.0702899418073,08:00:00,23:00:00,15,gunduz
TAKSİ PARK,5,29.0244884594348,40.9917111680728,07:00:00,22:00:00,15,gunduz
MİNİBÜS PARK,700,29.1947171188766,40.8860832998664,07:00:00,21:00:00,14,gunduz
00:00-23:59,00:00-23:59,00:00-23:59,00:00-23:59,00:00:00,23:59:00,23,tum_gun
TAKSİ PARK,10,29.0136209681942,41.0669377908277,07:00:00,23:00:00,16,gunduz
AÇIK OTOPARK,100,29.0574914216995,41.015668454927,06:00:00,19:00:00,13,gunduz
AÇIK OTOPARK,5000,28.9888536930084,41.1835634907664,06:00:00,20:00:00,14,gunduz
TAKSİ PARK,20,28.9169771107005,40.9928480846644,07:00:00,23:00:00,16,gunduz
KAPALI OTOPARK,100,29.1550272703171,40.9237701375712,07:00:00,23:59:00,16,gunduz
YOL ÜSTÜ,26,28.9504868216246,41.0176966032964,08:00:00,19:00:00,11,gunduz
00:00-23:59,00:00-23:59,00:00-23:59,00:00-23:59,00:00:00,23:59:00,23,tum_gun
YOL ÜSTÜ,50,29.1053795814514,40.9903356345319,08:00:00,18:00:00,10,gunduz
YOL ÜSTÜ,40,28.9906085281481,41.0487105124518,08:00:00,23:59:00,15,gunduz
AÇIK OTOPARK,200,29.0657499432564,41.0787506573235,07:00:00,23:00:00,16,gunduz
00:00-23:59,00:00-23:59,00:00-23:59,00:00-23:59,00:00:00,23:59:00,23,tum_gun
YOL ÜSTÜ,24,29.1124142361763,41.0271515082273,08:00:00,17:00:00,9,gunduz
YOL ÜSTÜ,42,29.2335811257362,40.8733932950085,07:30:00,19:00:00,12,gunduz
AÇIK OTOPARK,100,29.2329454421997,40.8734074922129,10:00:00,22:00:00,12,gunduz
AÇIK OTOPARK,150,28.920156955719,41.0042572397972,08:00:00,19:00:00,11,gunduz
00:00-23:59,00:00-23:59,00:00-23:59,00:00-23:59,00:00:00,23:59:00,23,tum_gun
AÇIK OTOPARK,300,28.9504820108414,41.0056862799103,07:00:00,23:00:00,16,gunduz
00:00-23:59,00:00-23:59,00:00-23:59,00:00-23:59,00:00:00,23:59:00,23,tum_gun
YOL ÜSTÜ,30,28.9966936380404,41.0435127249054,08:00:00,19:00:00,11,gunduz
YOL ÜSTÜ,20,29.175908267498,41.0326945707175,08:00:00,19:00:00,11,gunduz
00:00-23:59,00:00-23:59,00:00-23:59,00:00-23:59,00:00:00,23:59:00,23,tum_gun
AÇIK OTOPARK,105,29.1079999343615,40.9625308244579,08:00:00,20:00:00,12,gunduz
YOL ÜSTÜ,20,29.0072294331761,41.0503307144634,08:00:00,18:00:00,10,gunduz
00:00-23:59,00:00-23:59,00:00-23:59,00:00-23:59,00:00:00,23:59:00,23,tum_gun
00:00-23:59,00:00-23:59,00:00-23:59,00:00-23:59,00:00:00,23:59:00,23,tum_gun
00:00-23:59,00:00-23:59,00:00-23:59,00:00-23:59,00:00:00,23:59:00,23,tum_gun
AÇIK OTOPARK,500,29.0859021935845,41.1400111163844,07:00:00,23:59:00,16,gunduz
00:00-23:59,00:00-23:59,00:00-23:59,00:00-23:59,00:00:00,23:59:00,23,tum_gun
AÇIK OTOPARK,80,28.9669297059178,41.0298538374375,08:00:00,21:00:00,13,gunduz
AÇIK OTOPARK,300,29.2531532049179,40.8907582563051,07:00:00,22:00:00,15,gunduz
YOL ÜSTÜ,30,28.9444391477412,41.0220240723353,08:30:00,19:00:00,11,gunduz
YOL ÜSTÜ,30,28.9416253566742,41.0204039943667,08:30:00,19:00:00,11,gunduz
00:00-23:59,00:00-23:59,00:00-23:59,00:00-23:59,00:00:00,23:59:00,23,tum_gun
AÇIK OTOPARK,100,28.8597932017926,41.0352735759429,08:00:00,18:00:00,10,gunduz
00:00-23:59,00:00-23:59,00:00-23:59,00:00-23:59,00:00:00,23:59:00,23,tum_gun
00:00-23:59,00:00-23:59,00:00-23:59,00:00-23:59,00:00:00,23:59:00,23,tum_gun
00:00-23:59,00:00-23:59,00:00-23:59,00:00-23:59,00:00:00,23:59:00,23,tum_gun
AÇIK OTOPARK,85,29.0573544076298,40.9989901689259,06:00:00,19:00:00,13,gunduz
00:00-23:59,00:00-23:59,00:00-23:59,00:00-23:59,00:00:00,23:59:00,23,tum_gun
AÇIK OTOPARK,100,29.057554437571,41.0157867785191,06:00:00,18:00:00,12,gunduz
00:00-23:59,00:00-23:59,00:00-23:59,00:00-23:59,00:00:00,23:59:00,23,tum_gun
YOL ÜSTÜ,15,29.1271233332611,40.9917095878278,08:00:00,18:00:00,10,gunduz
YOL ÜSTÜ,23,29.0155525933482,41.0759293956722,08:00:00,19:00:00,11,gunduz
YOL ÜSTÜ,35,28.8720502169509,40.9806231385266,08:00:00,19:00:00,11,gunduz
00:00-23:59,00:00-23:59,00:00-23:59,00:00-23:59,00:00:00,23:59:00,23,tum_gun
AÇIK OTOPARK,300,28.9625371803385,41.0212466773958,07:00:00,19:00:00,12,gunduz
00:00-23:59,00:00-23:59,00:00-23:59,00:00-23:59,00:00:00,23:59:00,23,tum_gun
YOL ÜSTÜ,115,29.3083834663339,40.9265207879998,08:00:00,19:00:00,11,gunduz
00:00-23:59,00:00-23:59,00:00-23:59,00:00-23:59,00:00:00,23:59:00,23,tum_gun
00:00-23:59,00:00-23:59,00:00-23:59,00:00-23:59,00:00:00,23:59:00,23,tum_gun
00:00-23:59,00:00-23:59,00:00-23:59,00:00-23:59,00:00:00,23:59:00,23,tum_gun
00:00-23:59,00:00-23:59,00:00-23:59,00:00-23:59,00:00:00,23:59:00,23,tum_gun
00:00-23:59,00:00-23:59,00:00-23:59,00:00-23:59,00:00:00,23:59:00,23,tum_gun
AÇIK OTOPARK,200,29.0655611359131,41.0785592750628,07:00:00,23:00:00,16,gunduz
00:00-23:59,00:00-23:59,00:00-23:59,00:00-23:59,00:00:00,23:59:00,23,tum_gun
AÇIK OTOPARK,60,29.1013688141632,40.9720450780398,08:00:00,18:00:00,10,gunduz
YOL ÜSTÜ,34,29.1137750926334,41.0263086617048,07:45:00,17:00:00,10,gunduz
00:00-23:59,00:00-23:59,00:00-23:59,00:00-23:59,00:00:00,23:59:00,23,tum_gun
AÇIK OTOPARK,60,29.1821139433891,40.885938536883,07:00:00,18:00:00,11,gunduz
00:00-23:59,00:00-23:59,00:00-23:59,00:00-23:59,00:00:00,23:59:00,23,tum_gun
00:00-23:59,00:00-23:59,00:00-23:59,00:00-23:59,00:00:00,23:59:00,23,tum_gun
00:00-23:59,00:00-23:59,00:00-23:59,00:00-23:59,00:00:00,23:59:00,23,tum_gun
YOL ÜSTÜ,20,29.0966746987808,40.952198939689,10:00:00,22:00:00,12,gunduz
00:00-23:59,00:00-23:59,00:00-23:59,00:00-23:59,00:00:00,23:59:00,23,tum_gun
00:00-23:59,00:00-23:59,00:00-23:59,00:00-23:59,00:00:00,23:59:00,23,tum_gun
YOL ÜSTÜ,40,28.9873333987001,41.0358333354863,08:00:00,20:00:00,12,gunduz
YOL ÜSTÜ,21,28.9942028111378,41.050020025891,08:00:00,19:00:00,11,gunduz
YOL ÜSTÜ,40,28.9903710135295,41.050105358229,08:00:00,19:00:00,11,gunduz
YOL ÜSTÜ,40,28.9911902711766,41.0493614231984,08:00:00,19:00:00,11,gunduz
YOL ÜSTÜ,40,28.9930413379695,41.0459901024179,08:00:00,23:59:00,15,gunduz
YOL ÜSTÜ,30,28.9935805622589,41.0453009048286,08:00:00,23:59:00,15,gunduz
YOL ÜSTÜ,17,28.9913277384686,41.0479459523351,08:00:00,20:00:00,12,gunduz
YOL ÜSTÜ,45,28.9821351527487,41.0499674365469,08:00:00,18:00:00,10,gunduz
YOL ÜSTÜ,40,28.9812607586555,41.0489303452746,08:00:00,18:00:00,10,gunduz
YOL ÜSTÜ,40,28.9835577246968,41.0571563997977,08:00:00,18:00:00,10,gunduz
YOL ÜSTÜ,52,29.0085647691891,41.0655239712901,08:00:00,18:00:00,10,gunduz
YOL ÜSTÜ,30,29.0059412710555,41.0663668895065,08:00:00,18:00:00,10,gunduz
YOL ÜSTÜ,40,29.0089320264214,41.0648088429101,08:00:00,18:00:00,10,gunduz
YOL ÜSTÜ,20,29.0999132651654,41.0250710710964,08:00:00,19:00:00,11,gunduz
YOL ÜSTÜ,23,29.0182192741601,41.0753115872474,08:00:00,19:00:00,11,gunduz
YOL ÜSTÜ,23,29.015305282336,41.0758420371335,08:00:00,19:00:00,11,gunduz
YOL ÜSTÜ,19,29.0180833877862,41.073330897332,08:00:00,19:00:00,11,gunduz
YOL ÜSTÜ,35,29.0834659337997,41.0256147180259,08:00:00,19:00:00,11,gunduz
YOL ÜSTÜ,20,29.0840920688961,41.0241193216294,08:00:00,18:00:00,10,gunduz
YOL ÜSTÜ,30,29.0080873062634,41.0866406858706,08:00:00,19:00:00,11,gunduz
YOL ÜSTÜ,21,29.0155765414238,41.0241820630618,08:00:00,19:00:00,11,gunduz
YOL ÜSTÜ,32,28.9708827265182,41.0234966570052,08:00:00,18:00:00,10,gunduz
YOL ÜSTÜ,30,29.0457175223297,41.0702813705886,08:00:00,23:59:00,15,gunduz
YOL ÜSTÜ,40,29.1058243767132,40.9670716467853,08:00:00,18:00:00,10,gunduz
YOL ÜSTÜ,50,28.9671315420327,41.0179393988833,07:00:00,18:00:00,11,gunduz
YOL ÜSTÜ,36,28.9631964794009,41.0205909977786,08:00:00,18:00:00,10,gunduz
AÇIK OTOPARK,65,28.97890540407,41.0061732093938,08:00:00,02:00:00,18,tum_gun
YOL ÜSTÜ,60,28.9818158925228,41.0769835779501,08:00:00,18:00:00,10,gunduz
YOL ÜSTÜ,250,28.9786523156457,41.0061751910245,08:00:00,21:00:00,13,gunduz
YOL ÜSTÜ,50,29.1835861669033,40.8890010214122,08:00:00,18:00:00,10,gunduz
YOL ÜSTÜ,75,29.0093862165969,41.0488910763028,08:00:00,23:00:00,15,gunduz
YOL ÜSTÜ,75,29.0091871493428,41.0481872205022,08:00:00,23:00:00,15,gunduz
YOL ÜSTÜ,50,29.0088712092774,41.0452461892141,08:00:00,23:00:00,15,gunduz
YOL ÜSTÜ,26,29.0886092202278,41.135564870372,09:00:00,18:00:00,9,gunduz
YOL ÜSTÜ,18,29.066208971994,41.1001218927195,09:00:00,19:00:00,10,gunduz
YOL ÜSTÜ,30,28.9749682156837,41.0322461629038,07:00:00,23:59:00,16,gunduz
YOL ÜSTÜ,22,28.9726776025518,41.0045807210557,08:00:00,18:00:00,10,gunduz
YOL ÜSTÜ,45,28.9543879613902,41.0077334580615,08:00:00,18:00:00,10,gunduz
YOL ÜSTÜ,31,28.9549925352072,41.0088303270062,08:00:00,18:00:00,10,gunduz
YOL ÜSTÜ,35,28.9724379883571,41.0089437566607,07:00:00,17:00:00,10,gunduz
YOL ÜSTÜ,18,28.9660103528594,41.0153209172544,07:30:00,18:00:00,11,gunduz
AÇIK OTOPARK,50,29.0425933816987,40.9923532354129,08:00:00,19:00:00,11,gunduz
YOL ÜSTÜ,26,28.950696909504,41.0166492325389,08:00:00,19:00:00,11,gunduz
YOL ÜSTÜ,30,28.9472841009953,41.0200360261,08:00:00,19:00:00,11,gunduz
YOL ÜSTÜ,100,28.2458668556303,41.0741005683343,09:00:00,17:30:00,8,gunduz
YOL ÜSTÜ,50,28.2486526121714,41.0734997438994,09:00:00,17:30:00,8,gunduz
YOL ÜSTÜ,40,29.0162684593892,41.0448096163923,08:00:00,23:00:00,15,gunduz
YOL ÜSTÜ,70,28.9866401855668,41.0312520349405,09:00:00,20:00:00,11,gunduz
00:00-23:59,00:00-23:59,00:00-23:59,00:00-23:59,00:00:00,23:59:00,23,tum_gun
YOL ÜSTÜ,59,28.9366560828552,41.0029341019473,08:00:00,17:00:00,9,gunduz
YOL ÜSTÜ,35,28.9590951452881,41.0201366525684,08:30:00,18:30:00,10,gunduz
YOL ÜSTÜ,40,28.9518573153197,41.0142025900192,08:00:00,18:00:00,10,gunduz
YOL ÜSTÜ,45,28.9457781051854,41.0100998055265,07:30:00,18:30:00,11,gunduz
YOL ÜSTÜ,50,28.886257568731,41.0091756891742,08:00:00,19:00:00,11,gunduz
YOL ÜSTÜ,50,28.888097244593,41.0095399869678,08:00:00,19:00:00,11,gunduz
YOL ÜSTÜ,27,29.0653946484149,41.079303134973,09:00:00,20:00:00,11,gunduz
YOL ÜSTÜ,35,28.8248261886532,40.9618791918256,08:00:00,18:00:00,10,gunduz
YOL ÜSTÜ,50,28.8233813015516,40.9598146793368,08:00:00,18:00:00,10,gunduz
YOL ÜSTÜ,50,28.8231015016162,40.9594651936517,08:00:00,18:00:00,10,gunduz
YOL ÜSTÜ,45,28.7187442759328,40.9805253780395,08:30:00,17:30:00,9,gunduz
YOL ÜSTÜ,40,28.6275832039646,41.0185711653702,08:00:00,18:00:00,10,gunduz
YOL ÜSTÜ,30,28.6274288238873,41.0177784644351,08:00:00,18:00:00,10,gunduz
YOL ÜSTÜ,80,29.05993377855,41.0136493616545,06:00:00,17:00:00,11,gunduz
YOL ÜSTÜ,50,29.0571677343043,41.1059939369756,08:00:00,23:59:00,15,gunduz
00:00-23:59,00:00-23:59,00:00-23:59,00:00-23:59,00:00:00,23:59:00,23,tum_gun
YOL ÜSTÜ,200,28.9814928372387,41.0080509671786,08:00:00,02:00:00,18,tum_gun
KAPALI OTOPARK,100,29.0106559103638,41.0811486773446,07:30:00,19:30:00,12,gunduz
00:00-23:59,00:00-23:59,00:00-23:59,00:00-23:59,00:00:00,23:59:00,23,tum_gun
00:00-23:59,00:00-23:59,00:00-23:59,00:00-23:59,00:00:00,23:59:00,23,tum_gun
00:00-23:59,00:00-23:59,00:00-23:59,00:00-23:59,00:00:00,23:59:00,23,tum_gun
YOL ÜSTÜ,200,28.9811457957634,41.0070033341579,08:00:00,02:00:00,18,tum_gun
YOL ÜSTÜ,30,29.0235417812891,41.0324278613707,07:00:00,17:00:00,10,gunduz
YOL ÜSTÜ,35,28.2477600281462,41.0744385757197,09:00:00,17:30:00,8,gunduz
YOL ÜSTÜ,26,29.0398761698559,40.9723742783255,09:00:00,19:00:00,10,gunduz
00:00-23:59,00:00-23:59,00:00-23:59,00:00-23:59,00:00:00,23:59:00,23,tum_gun
YOL ÜSTÜ,45,28.8907599449158,41.0094469767614,08:00:00,18:00:00,10,gunduz
00:00-23:59,00:00-23:59,00:00-23:59,00:00-23:59,00:00:00,23:59:00,23,tum_gun
TAKSİ PARK,10,29.0071029305494,41.0428187170476,07:00:00,17:00:00,10,gunduz
00:00-23:59,00:00-23:59,00:00-23:59,00:00-23:59,00:00:00,23:59:00,23,tum_gun
00:00-23:59,00:00-23:59,00:00-23:59,00:00-23:59,00:00:00,23:59:00,23,tum_gun
00:00-23:59,00:00-23:59,00:00-23:59,00:00-23:59,00:00:00,23:59:00,23,tum_gun
00:00-23:59,00:00-23:59,00:00-23:59,00:00-23:59,00:00:00,23:59:00,23,tum_gun
00:00-23:59,00:00-23:59,00:00-23:59,00:00-23:59,00:00:00,23:59:00,23,tum_gun
00:00-23:59,00:00-23:59,00:00-23:59,00:00-23:59,00:00:00,23:59:00,23,tum_gun
00:00-23:59,00:00-23:59,00:00-23:59,00:00-23:59,00:00:00,23:59:00,23,tum_gun
YOL ÜSTÜ,35,28.9882120800959,41.0494579175707,08:00:00,19:00:00,11,gunduz
AÇIK OTOPARK,130,29.0755519632817,41.1034800086367,08:00:00,23:00:00,15,gunduz
YOL ÜSTÜ,40,28.9763924538999,41.012969742489,08:00:00,18:00:00,10,gunduz
YOL ÜSTÜ,40,29.0116120328575,41.0715743916453,07:00:00,17:00:00,10,gunduz
YOL ÜSTÜ,50,28.8379358175919,40.9643809578392,08:00:00,19:00:00,11,gunduz
YOL ÜSTÜ,40,28.9540594985905,41.0161648948098,08:00:00,22:00:00,14,gunduz
YOL ÜSTÜ,40,28.9541522394258,41.0166520896524,08:00:00,22:00:00,14,gunduz
YOL ÜSTÜ,30,29.0400183181445,40.9788202609784,09:00:00,18:00:00,9,gunduz
YOL ÜSTÜ,50,28.9841634292099,41.0598012396442,08:00:00,18:00:00,10,gunduz
YOL ÜSTÜ,30,29.0062693981217,41.0881222691293,08:00:00,19:00:00,11,gunduz
YOL ÜSTÜ,42,29.0109362691402,41.0586236902266,08:00:00,18:00:00,10,gunduz
YOL ÜSTÜ,30,28.9309891714305,41.0167852916899,07:00:00,19:00:00,12,gunduz
AÇIK OTOPARK,70,28.9397962457675,41.0564862110081,08:00:00,19:00:00,11,gunduz
00:00-23:59,00:00-23:59,00:00-23:59,00:00-23:59,00:00:00,23:59:00,23,tum_gun
YOL ÜSTÜ,40,28.8898819017231,41.1764729732221,09:00:00,19:00:00,10,gunduz
00:00-23:59,00:00-23:59,00:00-23:59,00:00-23:59,00:00:00,23:59:00,23,tum_gun
YOL ÜSTÜ,35,28.9880214120353,41.0384142241513,07:30:00,20:30:00,13,gunduz
AÇIK OTOPARK,250,28.9182994145558,41.0233056453673,07:00:00,19:00:00,12,gunduz
TAKSİ PARK,20,28.9518016576767,41.0064432942694,07:00:00,18:00:00,11,gunduz
YOL ÜSTÜ,50,28.9580063593037,41.0127437614198,07:00:00,19:00:00,12,gunduz
00:00-23:59,00:00-23:59,00:00-23:59,00:00-23:59,00:00:00,23:59:00,23,tum_gun
00:00-23:59,00:00-23:59,00:00-23:59,00:00-23:59,00:00:00,23:59:00,23,tum_gun
00:00-23:59,00:00-23:59,00:00-23:59,00:00-23:59,00:00:00,23:59:00,23,tum_gun
AÇIK OTOPARK,180,29.060452580452,40.997872735968,06:30:00,19:00:00,13,gunduz
00:00-23:59,00:00-23:59,00:00-23:59,00:00-23:59,00:00:00,23:59:00,23,tum_gun
YOL ÜSTÜ,25,29.0217040367545,40.9899147235396,06:30:00,23:00:00,17,tum_gun
MİNİBÜS PARK,119,28.9469441351738,41.0130242136156,07:00:00,18:00:00,11,gunduz
00:00-23:59,00:00-23:59,00:00-23:59,00:00-23:59,00:00:00,23:59:00,23,tum_gun
00:00-23:59,00:00-23:59,00:00-23:59,00:00-23:59,00:00:00,23:59:00,23,tum_gun
YOL ÜSTÜ,45,28.991334434127,41.0518530035512,08:00:00,23:00:00,15,gunduz
00:00-23:59,00:00-23:59,00:00-23:59,00:00-23:59,00:00:00,23:59:00,23,tum_gun
YOL ÜSTÜ,50,29.1724856900986,41.0303729442975,08:00:00,19:00:00,11,gunduz
00:00-23:59,00:00-23:59,00:00-23:59,00:00-23:59,00:00:00,23:59:00,23,tum_gun
AÇIK OTOPARK,80,29.0394911170006,41.0245442767946,08:00:00,19:00:00,11,gunduz
00:00-23:59,00:00-23:59,00:00-23:59,00:00-23:59,00:00:00,23:59:00,23,tum_gun
00:00-23:59,00:00-23:59,00:00-23:59,00:00-23:59,00:00:00,23:59:00,23,tum_gun
AÇIK OTOPARK,90,29.0177193407245,41.0735048337776,08:00:00,19:00:00,11,gunduz
AÇIK OTOPARK,60,28.9572405370038,41.0277372163962,07:30:00,23:59:00,16,gunduz
AÇIK OTOPARK,350,29.0673535830189,41.0810906777251,07:30:00,23:00:00,16,gunduz
YOL ÜSTÜ,17,29.0003845095634,41.0671926420455,08:00:00,18:30:00,10,gunduz
YOL ÜSTÜ,40,28.9482262730598,41.0182851861138,09:00:00,19:00:00,10,gunduz
YOL ÜSTÜ,50,29.0100899530255,41.0798759872551,07:00:00,18:00:00,11,gunduz
00:00-23:59,00:00-23:59,00:00-23:59,00:00-23:59,00:00:00,23:59:00,23,tum_gun
AÇIK OTOPARK,135,29.2065685987473,40.9075693128331,06:00:00,17:00:00,11,gunduz
YOL ÜSTÜ,25,28.6854883151754,41.070025875213,09:00:00,19:00:00,10,gunduz
AÇIK OTOPARK,80,28.999802791782,41.0564978198988,08:00:00,22:00:00,14,gunduz
00:00-23:59,00:00-23:59,00:00-23:59,00:00-23:59,00:00:00,23:59:00,23,tum_gun
00:00-23:59,00:00-23:59,00:00-23:59,00:00-23:59,00:00:00,23:59:00,23,tum_gun
00:00-23:59,00:00-23:59,00:00-23:59,00:00-23:59,00:00:00,23:59:00,23,tum_gun
AÇIK OTOPARK,35,28.9494129802795,41.0166835870469,08:00:00,20:00:00,12,gunduz
KAPALI OTOPARK,300,29.3017601966858,40.8494139296324,07:00:00,23:00:00,16,gunduz
00:00-23:59,00:00-23:59,00:00-23:59,00:00-23:59,00:00:00,23:59:00,23,tum_gun
YOL ÜSTÜ,25,28.9863416359333,41.0426427651563,08:00:00,18:00:00,10,gunduz
YOL ÜSTÜ,26,28.9863429336572,41.0430813426176,08:00:00,18:00:00,10,gunduz
00:00-23:59,00:00-23:59,00:00-23:59,00:00-23:59,00:00:00,23:59:00,23,tum_gun
AÇIK OTOPARK,85,29.1368757391465,40.9094402447971,08:00:00,21:00:00,13,gunduz
00:00-23:59,00:00-23:59,00:00-23:59,00:00-23:59,00:00:00,23:59:00,23,tum_gun
00:00-23:59,00:00-23:59,00:00-23:59,00:00-23:59,00:00:00,23:59:00,23,tum_gun
MİNİBÜS PARK,54,28.8469437200644,40.9920154088387,07:00:00,23:00:00,16,gunduz
YOL ÜSTÜ,40,29.0214285609932,40.9873879181812,07:00:00,23:00:00,16,gunduz
AÇIK OTOPARK,80,29.2719447612762,40.8642192362565,07:00:00,17:00:00,10,gunduz
YOL ÜSTÜ,50,29.2723202705383,40.8640001629382,07:00:00,17:00:00,10,gunduz
YOL ÜSTÜ,25,29.1276929465593,40.9934481585166,08:00:00,18:00:00,10,gunduz
00:00-23:59,00:00-23:59,00:00-23:59,00:00-23:59,00:00:00,23:59:00,23,tum_gun
00:00-23:59,00:00-23:59,00:00-23:59,00:00-23:59,00:00:00,23:59:00,23,tum_gun
YOL ÜSTÜ,17,29.0308624165627,41.0785917283309,09:00:00,21:00:00,12,gunduz
YOL ÜSTÜ,30,29.0147401521701,41.0756267567518,09:00:00,22:00:00,13,gunduz
YOL ÜSTÜ,30,29.0144992705845,41.0761156949685,09:00:00,22:00:00,13,gunduz
YOL ÜSTÜ,20,29.0567034551944,41.083249887178,08:00:00,23:00:00,15,gunduz
KAPALI OTOPARK,130,29.2554762151719,40.9716805620891,07:00:00,21:00:00,14,gunduz
00:00-23:59,00:00-23:59,00:00-23:59,00:00-23:59,00:00:00,23:59:00,23,tum_gun
00:00-23:59,00:00-23:59,00:00-23:59,00:00-23:59,00:00:00,23:59:00,23,tum_gun
00:00-23:59,00:00-23:59,00:00-23:59,00:00-23:59,00:00:00,23:59:00,23,tum_gun
00:00-23:59,00:00-23:59,00:00-23:59,00:00-23:59,00:00:00,23:59:00,23,tum_gun
00:00-23:59,00:00-23:59,00:00-23:59,00:00-23:59,00:00:00,23:59:00,23,tum_gun
00:00-23:59,00:00-23:59,00:00-23:59,00:00-23:59,00:00:00,23:59:00,23,tum_gun
00:00-23:59,00:00-23:59,00:00-23:59,00:00-23:59,00:00:00,23:59:00,23,tum_gun
00:00-23:59,00:00-23:59,00:00-23:59,00:00-23:59,00:00:00,23:59:00,23,tum_gun
AÇIK OTOPARK,230,29.0695447678261,41.0267056319966,08:00:00,23:59:00,15,gunduz
00:00-23:59,00:00-23:59,00:00-23:59,00:00-23:59,00:00:00,23:59:00,23,tum_gun
00:00-23:59,00:00-23:59,00:00-23:59,00:00-23:59,00:00:00,23:59:00,23,tum_gun
00:00-23:59,00:00-23:59,00:00-23:59,00:00-23:59,00:00:00,23:59:00,23,tum_gun
00:00-23:59,00:00-23:59,00:00-23:59,00:00-23:59,00:00:00,23:59:00,23,tum_gun
00:00-23:59,00:00-23:59,00:00-23:59,00:00-23:59,00:00:00,23:59:00,23,tum_gun
YOL ÜSTÜ,44,-99.0,-99.0,08:00:00,19:00:00,11,gunduz
YOL ÜSTÜ,35,28.989411490095,41.038319321225,08:00:00,19:00:00,11,gunduz
YOL ÜSTÜ,20,29.1763905167864,41.0327095749505,08:00:00,19:00:00,11,gunduz
YOL ÜSTÜ,50,28.9933492574671,41.0519613218585,08:00:00,19:00:00,11,gunduz
YOL ÜSTÜ,30,28.9874364451638,41.0354898550985,08:00:00,20:00:00,12,gunduz
YOL ÜSTÜ,40,28.9947635740992,41.0515334666083,08:00:00,19:00:00,11,gunduz
YOL ÜSTÜ,40,28.9872879133204,41.06123666465,08:00:00,19:00:00,11,gunduz
YOL ÜSTÜ,40,28.9871193443691,41.0606066510135,08:00:00,19:00:00,11,gunduz
YOL ÜSTÜ,27,29.0030306876818,41.0444391236136,09:00:00,19:00:00,10,gunduz
YOL ÜSTÜ,120,29.0124767466166,41.0802186957629,06:45:00,18:00:00,12,gunduz
YOL ÜSTÜ,40,29.0114920399818,41.0799491877853,07:00:00,17:00:00,10,gunduz
00:00-23:59,00:00-23:59,00:00-23:59,00:00-23:59,00:00:00,23:59:00,23,tum_gun
AÇIK OTOPARK,70,28.9741247551725,41.0220007012851,08:00:00,22:00:00,14,gunduz
YOL ÜSTÜ,45,29.0405062252606,40.9930658458139,08:00:00,18:00:00,10,gunduz
YOL ÜSTÜ,20,29.1192117333412,40.9925423959336,08:00:00,18:00:00,10,gunduz
YOL ÜSTÜ,35,29.1261345148087,40.9926942345984,08:00:00,18:00:00,10,gunduz
YOL ÜSTÜ,29,29.0526939406176,41.0803494588544,08:00:00,23:00:00,15,gunduz
YOL ÜSTÜ,20,29.0558047593186,41.0818558368021,08:00:00,23:00:00,15,gunduz
YOL ÜSTÜ,17,29.049546917487,41.0796940097818,08:00:00,23:59:00,15,gunduz
YOL ÜSTÜ,11,29.0449030668544,41.072222185239,08:00:00,23:59:00,15,gunduz
YOL ÜSTÜ,80,28.9932263878753,41.0355090939263,08:00:00,18:00:00,10,gunduz
YOL ÜSTÜ,28,28.9568744398885,41.0171314951945,08:30:00,18:30:00,10,gunduz
YOL ÜSTÜ,18,28.9535382991555,41.0112914996693,07:30:00,18:30:00,11,gunduz
YOL ÜSTÜ,25,29.1276636706576,40.9930909318858,08:00:00,18:00:00,10,gunduz
YOL ÜSTÜ,26,28.9604879156051,41.0201996391893,08:00:00,18:00:00,10,gunduz
YOL ÜSTÜ,25,29.0552176166285,41.1146198454958,08:00:00,18:00:00,10,gunduz
YOL ÜSTÜ,30,29.0601057493365,41.113820521016,08:00:00,18:00:00,10,gunduz
YOL ÜSTÜ,11,29.0697847811823,41.1272417424237,08:00:00,18:00:00,10,gunduz
YOL ÜSTÜ,35,29.0432715943784,41.1505325211231,09:00:00,20:00:00,11,gunduz
YOL ÜSTÜ,35,29.0451022580013,41.148950524496,09:00:00,20:00:00,11,gunduz
YOL ÜSTÜ,11,29.0571458406927,41.1683574279246,08:00:00,18:00:00,10,gunduz
YOL ÜSTÜ,30,28.966984668008,41.0178777370334,07:00:00,18:00:00,11,gunduz
YOL ÜSTÜ,40,28.9659351292733,41.0191485037068,07:00:00,18:00:00,11,gunduz
YOL ÜSTÜ,100,28.974881209685,41.0162466134028,07:00:00,22:00:00,15,gunduz
YOL ÜSTÜ,30,29.1897473088794,40.8892287355551,08:00:00,18:00:00,10,gunduz
YOL ÜSTÜ,16,29.0562210057434,41.1684967829079,08:00:00,18:00:00,10,gunduz
YOL ÜSTÜ,20,29.0076809868127,41.0503370072929,08:00:00,18:00:00,10,gunduz
YOL ÜSTÜ,20,29.0218714396603,40.9895526989774,08:00:00,23:00:00,15,gunduz
YOL ÜSTÜ,20,29.0220790891939,40.9897455795632,08:00:00,23:00:00,15,gunduz
YOL ÜSTÜ,21,29.0226187709134,40.9889517661483,08:00:00,23:00:00,15,gunduz
YOL ÜSTÜ,15,28.9453142465176,41.0082714239797,08:00:00,18:00:00,10,gunduz
YOL ÜSTÜ,25,29.1270089149475,40.9916657738709,08:00:00,18:00:00,10,gunduz
YOL ÜSTÜ,30,28.9460944396041,41.0212281492918,08:00:00,19:00:00,11,gunduz
YOL ÜSTÜ,30,28.9441623852089,41.0226581030482,08:00:00,19:00:00,11,gunduz
AÇIK OTOPARK,30,28.972318920482,41.0226502734991,08:00:00,18:00:00,10,gunduz
YOL ÜSTÜ,40,29.2317049497702,40.8773561202221,09:00:00,19:00:00,10,gunduz
00:00-23:59,00:00-23:59,00:00-23:59,00:00-23:59,00:00:00,23:59:00,23,tum_gun
AÇIK OTOPARK,80,29.0660661745633,41.0204396264326,07:00:00,22:00:00,15,gunduz
YOL ÜSTÜ,25,28.9428804306775,41.0169754516484,08:00:00,19:00:00,11,gunduz
YOL ÜSTÜ,50,28.8401277755687,40.9923047206351,09:00:00,19:00:00,10,gunduz
YOL ÜSTÜ,60,28.8428014033613,40.9921183451896,09:00:00,19:00:00,10,gunduz
YOL ÜSTÜ,30,28.9036999624107,40.9907770798343,09:00:00,19:00:00,10,gunduz
YOL ÜSTÜ,50,28.9127101404422,41.0351621954738,08:00:00,18:00:00,10,gunduz
YOL ÜSTÜ,40,28.9330016712335,41.0541552941076,08:00:00,23:59:00,15,gunduz
YOL ÜSTÜ,30,28.9106710816922,41.0546931123353,08:00:00,19:00:00,11,gunduz
YOL ÜSTÜ,50,28.8884969630553,41.0096961201846,08:00:00,19:00:00,11,gunduz
YOL ÜSTÜ,27,29.0655296671,41.0796810572859,09:00:00,20:00:00,11,gunduz
YOL ÜSTÜ,27,29.0669951237303,41.0811701377321,09:00:00,20:00:00,11,gunduz
YOL ÜSTÜ,150,28.8215463493894,40.9559679050794,08:00:00,23:59:00,15,gunduz
YOL ÜSTÜ,33,28.8347753164508,40.9591366124616,08:00:00,18:00:00,10,gunduz
YOL ÜSTÜ,50,28.8320057062456,40.9577468165466,08:00:00,23:59:00,15,gunduz
YOL ÜSTÜ,90,28.2437775310632,41.072890898517,09:00:00,23:00:00,14,gunduz
00:00-23:59,00:00-23:59,00:00-23:59,00:00-23:59,00:00:00,23:59:00,23,tum_gun
AÇIK OTOPARK,300,29.0528048310173,41.1085721763519,06:00:00,23:00:00,17,tum_gun
AÇIK OTOPARK,500,29.0151175016762,41.0479460489626,08:00:00,21:00:00,13,gunduz
00:00-23:59,00:00-23:59,00:00-23:59,00:00-23:59,00:00:00,23:59:00,23,tum_gun
00:00-23:59,00:00-23:59,00:00-23:59,00:00-23:59,00:00:00,23:59:00,23,tum_gun
00:00-23:59,00:00-23:59,00:00-23:59,00:00-23:59,00:00:00,23:59:00,23,tum_gun
AÇIK OTOPARK,300,28.8957323177918,41.007335531114,07:00:00,23:00:00,16,gunduz
YOL ÜSTÜ,200,28.9801221695723,41.0060662554233,08:00:00,02:00:00,18,tum_gun
TAKSİ PARK,16,29.0937899011629,40.952526073751,07:00:00,22:00:00,15,gunduz
YOL ÜSTÜ,30,29.0133305110889,41.0791599999506,06:45:00,18:00:00,12,gunduz
YOL ÜSTÜ,15,28.9884407223113,41.0576280525267,08:00:00,19:00:00,11,gunduz
YOL ÜSTÜ,40,29.0076827710814,41.0869371830021,07:00:00,18:00:00,11,gunduz
00:00-23:59,00:00-23:59,00:00-23:59,00:00-23:59,00:00:00,23:59:00,23,tum_gun
TAKSİ PARK,15,29.0157958008131,41.0276314801728,07:00:00,23:00:00,16,gunduz
YOL ÜSTÜ,50,28.8886644044539,41.0092817416347,08:00:00,18:00:00,10,gunduz
YOL ÜSTÜ,40,28.8871244683282,41.0132750503729,08:00:00,18:00:00,10,gunduz
00:00-23:59,00:00-23:59,00:00-23:59,00:00-23:59,00:00:00,23:59:00,23,tum_gun
00:00-23:59,00:00-23:59,00:00-23:59,00:00-23:59,00:00:00,23:59:00,23,tum_gun
00:00-23:59,00:00-23:59,00:00-23:59,00:00-23:59,00:00:00,23:59:00,23,tum_gun
YOL ÜSTÜ,60,28.8359615614258,40.959460690961,08:00:00,23:59:00,15,gunduz
YOL ÜSTÜ,24,29.1128138853195,41.0268348367626,08:00:00,17:00:00,9,gunduz
TAKSİ PARK,25,28.934442058779,41.0205390163689,07:00:00,18:00:00,11,gunduz
YOL ÜSTÜ,29,28.9946406656581,41.044441186241,08:00:00,23:59:00,15,gunduz
YOL ÜSTÜ,40,29.0066447854042,41.069586911439,07:00:00,17:00:00,10,gunduz
00:00-23:59,00:00-23:59,00:00-23:59,00:00-23:59,00:00:00,23:59:00,23,tum_gun
YOL ÜSTÜ,20,28.9852128888075,41.0554310167961,08:00:00,18:00:00,10,gunduz
YOL ÜSTÜ,40,28.9900544661335,41.0488647497195,08:00:00,23:59:00,15,gunduz
YOL ÜSTÜ,50,28.972624618407,41.003051900184,08:00:00,18:00:00,10,gunduz
MİNİBÜS PARK,100,29.1309171011267,40.917723742295,07:00:00,21:00:00,14,gunduz
00:00-23:59,00:00-23:59,00:00-23:59,00:00-23:59,00:00:00,23:59:00,23,tum_gun
00:00-23:59,00:00-23:59,00:00-23:59,00:00-23:59,00:00:00,23:59:00,23,tum_gun
YOL ÜSTÜ,35,29.0399001332712,40.9789159557948,09:00:00,18:00:00,9,gunduz
YOL ÜSTÜ,80,28.6236955672732,41.0216146636318,05:45:00,16:00:00,11,gece
YOL ÜSTÜ,64,29.0111027811794,41.0865178336972,08:00:00,18:00:00,10,gunduz
YOL ÜSTÜ,100,28.9073251636242,41.0042713555296,08:00:00,18:00:00,10,gunduz
YOL ÜSTÜ,30,29.0060223719673,41.0888734566838,08:00:00,19:00:00,11,gunduz
YOL ÜSTÜ,40,28.8692529442042,40.9779952200221,08:00:00,19:00:00,11,gunduz
00:00-23:59,00:00-23:59,00:00-23:59,00:00-23:59,00:00:00,23:59:00,23,tum_gun
YOL ÜSTÜ,60,29.1829468497314,40.8891892455183,08:00:00,18:00:00,10,gunduz
00:00-23:59,00:00-23:59,00:00-23:59,00:00-23:59,00:00:00,23:59:00,23,tum_gun
YOL ÜSTÜ,24,29.1130204154137,41.0265242342662,08:00:00,17:00:00,9,gunduz
YOL ÜSTÜ,40,28.968970958569,41.0181316171222,07:00:00,18:00:00,11,gunduz
AÇIK OTOPARK,135,29.2065034041447,40.9074954125339,06:00:00,17:00:00,11,gunduz
00:00-23:59,00:00-23:59,00:00-23:59,00:00-23:59,00:00:00,23:59:00,23,tum_gun
YOL ÜSTÜ,80,29.0090131759644,41.0571555793897,07:30:00,18:00:00,11,gunduz
00:00-23:59,00:00-23:59,00:00-23:59,00:00-23:59,00:00:00,23:59:00,23,tum_gun
00:00-23:59,00:00-23:59,00:00-23:59,00:00-23:59,00:00:00,23:59:00,23,tum_gun
00:00-23:59,00:00-23:59,00:00-23:59,00:00-23:59,00:00:00,23:59:00,23,tum_gun
YOL ÜSTÜ,50,28.9553904533386,41.0111430658192,08:00:00,18:00:00,10,gunduz
YOL ÜSTÜ,25,28.9998185634613,41.0425775730041,08:00:00,19:00:00,11,gunduz
YOL ÜSTÜ,50,29.1728974457385,41.0310263554403,08:00:00,19:00:00,11,gunduz
YOL ÜSTÜ,45,28.8917613424353,41.0081589877101,08:00:00,18:00:00,10,gunduz
00:00-23:59,00:00-23:59,00:00-23:59,00:00-23:59,00:00:00,23:59:00,23,tum_gun
AÇIK OTOPARK,105,29.1080598103622,40.9625103489262,07:00:00,20:00:00,13,gunduz
TAKSİ PARK,10,28.890492054617,41.0016662456777,07:00:00,17:00:00,10,gunduz
MİNİBÜS PARK,193,29.325154108873,40.9326996800138,07:00:00,23:00:00,16,gunduz
00:00-23:59,00:00-23:59,00:00-23:59,00:00-23:59,00:00:00,23:59:00,23,tum_gun
AÇIK OTOPARK,277,29.1970226168633,40.8854435978408,09:00:00,19:00:00,10,gunduz
00:00-23:59,00:00-23:59,00:00-23:59,00:00-23:59,00:00:00,23:59:00,23,tum_gun
AÇIK OTOPARK,100,28.9690995820422,41.0255038632929,08:00:00,19:00:00,11,gunduz
00:00-23:59,00:00-23:59,00:00-23:59,00:00-23:59,00:00:00,23:59:00,23,tum_gun
MİNİBÜS PARK,100,29.3268173933029,40.9361253348448,07:00:00,21:00:00,14,gunduz
AÇIK OTOPARK,250,28.9462872053287,41.1689930956829,06:00:00,20:00:00,14,gunduz
00:00-23:59,00:00-23:59,00:00-23:59,00:00-23:59,00:00:00,23:59:00,23,tum_gun
AÇIK OTOPARK,130,29.0863082384803,41.1133482084457,07:00:00,23:00:00,16,gunduz
AÇIK OTOPARK,100,29.1455644369125,40.9017349898225,07:00:00,22:00:00,15,gunduz
00:00-23:59,00:00-23:59,00:00-23:59,00:00-23:59,00:00:00,23:59:00,23,tum_gun
AÇIK OTOPARK,130,29.0868669748306,41.1136166110195,08:00:00,23:59:00,15,gunduz
YOL ÜSTÜ,30,28.9422261714935,41.020748016018,08:30:00,19:00:00,11,gunduz
YOL ÜSTÜ,20,29.0003281831741,41.0678599725148,08:00:00,18:30:00,10,gunduz
AÇIK OTOPARK,30,28.9502950997057,41.0064298428525,09:00:00,20:00:00,11,gunduz
00:00-23:59,00:00-23:59,00:00-23:59,00:00-23:59,00:00:00,23:59:00,23,tum_gun
YOL ÜSTÜ,25,28.6895692413112,41.0722613570856,09:00:00,19:00:00,10,gunduz
YOL ÜSTÜ,25,28.6866684168193,41.0701683773032,09:00:00,19:00:00,10,gunduz
AÇIK OTOPARK,110,28.6901833336488,41.0720313711542,10:00:00,22:00:00,12,gunduz
YOL ÜSTÜ,30,29.0381473302841,41.0207864653849,08:00:00,19:00:00,11,gunduz
AÇIK OTOPARK,40,29.227409362793,40.8949918336494,09:00:00,19:00:00,10,gunduz
TAKSİ PARK,4,29.2463586947418,40.8824787217601,07:00:00,23:00:00,16,gunduz
00:00-23:59,00:00-23:59,00:00-23:59,00:00-23:59,00:00:00,23:59:00,23,tum_gun
00:00-23:59,00:00-23:59,00:00-23:59,00:00-23:59,00:00:00,23:59:00,23,tum_gun
AÇIK OTOPARK,250,28.9610775272874,41.0158234443331,06:30:00,19:00:00,13,gunduz
YOL ÜSTÜ,25,28.9864147002029,41.0422046978908,08:00:00,18:00:00,10,gunduz
AÇIK OTOPARK,430,29.2486095428467,40.8829229906037,06:00:00,17:00:00,11,gunduz
AÇIK OTOPARK,150,29.05817603222,40.9987457065131,06:00:00,20:00:00,14,gunduz
AÇIK OTOPARK,70,28.6452767927199,41.0136924097991,08:00:00,22:00:00,14,gunduz
YOL ÜSTÜ,32,29.0192251680892,41.0192242668527,08:00:00,18:00:00,10,gunduz
YOL ÜSTÜ,50,29.2725482583046,40.863559985654,07:00:00,17:00:00,10,gunduz
AÇIK OTOPARK,135,29.0419989824295,41.0256774465564,07:00:00,18:00:00,11,gunduz
00:00-23:59,00:00-23:59,00:00-23:59,00:00-23:59,00:00:00,23:59:00,23,tum_gun
00:00-23:59,00:00-23:59,00:00-23:59,00:00-23:59,00:00:00,23:59:00,23,tum_gun
00:00-23:59,00:00-23:59,00:00-23:59,00:00-23:59,00:00:00,23:59:00,23,tum_gun
00:00-23:59,00:00-23:59,00:00-23:59,00:00-23:59,00:00:00,23:59:00,23,tum_gun
YOL ÜSTÜ,15,29.0140462905127,41.0765585312392,08:00:00,19:00:00,11,gunduz
YOL ÜSTÜ,15,28.9448494359921,41.0092644388704,07:30:00,18:00:00,11,gunduz
00:00-23:59,00:00-23:59,00:00-23:59,00:00-23:59,00:00:00,23:59:00,23,tum_gun
AÇIK OTOPARK,80,28.7141136765325,40.9722402335861,14:00:00,23:00:00,9,gunduz
00:00-23:59,00:00-23:59,00:00-23:59,00:00-23:59,00:00:00,23:59:00,23,tum_gun
00:00-23:59,00:00-23:59,00:00-23:59,00:00-23:59,00:00:00,23:59:00,23,tum_gun
00:00-23:59,00:00-23:59,00:00-23:59,00:00-23:59,00:00:00,23:59:00,23,tum_gun
00:00-23:59,00:00-23:59,00:00-23:59,00:00-23:59,00:00:00,23:59:00,23,tum_gun
00:00-23:59,00:00-23:59,00:00-23:59,00:00-23:59,00:00:00,23:59:00,23,tum_gun
YOL ÜSTÜ,115,29.3075452199773,40.9274782476241,08:00:00,19:00:00,11,gunduz
00:00-23:59,00:00-23:59,00:00-23:59,00:00-23:59,00:00:00,23:59:00,23,tum_gun
AÇIK OTOPARK,250,28.9972854501447,41.0650202953697,08:00:00,22:00:00,14,gunduz
00:00-23:59,00:00-23:59,00:00-23:59,00:00-23:59,00:00:00,23:59:00,23,tum_gun
AÇIK OTOPARK,150,29.1224876895442,40.9499442353789,07:00:00,18:00:00,11,gunduz
YOL ÜSTÜ,48,29.0760080437173,40.9903660803086,07:00:00,17:30:00,10,gunduz
00:00-23:59,00:00-23:59,00:00-23:59,00:00-23:59,00:00:00,23:59:00,23,tum_gun
00:00-23:59,00:00-23:59,00:00-23:59,00:00-23:59,00:00:00,23:59:00,23,tum_gun
00:00-23:59,00:00-23:59,00:00-23:59,00:00-23:59,00:00:00,23:59:00,23,tum_gun
MİNİBÜS PARK,30,29.0109457999173,41.0257189209385,07:00:00,22:00:00,15,gunduz
00:00-23:59,00:00-23:59,00:00-23:59,00:00-23:59,00:00:00,23:59:00,23,tum_gun
AÇIK OTOPARK,100,29.0947677660433,41.1294191839175,08:00:00,23:59:00,15,gunduz
YOL ÜSTÜ,20,29.0568270908247,41.0853956845786,08:00:00,23:59:00,15,gunduz
YOL ÜSTÜ,38,29.0368977032111,40.9941242630298,08:00:00,19:00:00,11,gunduz
YOL ÜSTÜ,40,28.8781663796872,40.9747865771189,08:00:00,20:00:00,12,gunduz
YOL ÜSTÜ,35,28.9901005980059,41.0388109562502,08:00:00,19:00:00,11,gunduz
YOL ÜSTÜ,50,28.9881290395756,41.0490102115612,08:00:00,19:00:00,11,gunduz
YOL ÜSTÜ,50,28.9957386934589,41.0553295330499,08:00:00,19:00:00,11,gunduz
YOL ÜSTÜ,25,28.99404555518,41.0490923466917,08:00:00,19:00:00,11,gunduz
YOL ÜSTÜ,30,28.994853589541,41.0534362386512,08:00:00,19:00:00,11,gunduz
YOL ÜSTÜ,50,28.9943077445935,41.0467187710567,08:00:00,23:59:00,15,gunduz
YOL ÜSTÜ,40,28.9833408981726,41.0531409577011,08:00:00,18:00:00,10,gunduz
YOL ÜSTÜ,30,28.987576628333,41.063402364554,08:00:00,19:00:00,11,gunduz
YOL ÜSTÜ,40,28.986746514948,41.0598524596391,08:00:00,19:00:00,11,gunduz
YOL ÜSTÜ,22,28.9969765624134,41.0637431718003,08:00:00,18:00:00,10,gunduz
YOL ÜSTÜ,40,29.0121220901559,41.0679820267951,07:00:00,17:00:00,10,gunduz
YOL ÜSTÜ,35,29.004285553242,41.0428391706898,08:00:00,18:00:00,10,gunduz
YOL ÜSTÜ,40,29.0135379540576,41.0810493592643,06:45:00,18:00:00,12,gunduz
YOL ÜSTÜ,35,29.0847131609917,41.0247992416911,08:00:00,19:00:00,11,gunduz
YOL ÜSTÜ,45,29.0082733010954,41.0862668875676,08:00:00,18:00:00,10,gunduz
YOL ÜSTÜ,50,29.2722747349236,40.8642165945946,07:00:00,17:00:00,10,gunduz
YOL ÜSTÜ,40,28.9717101119185,41.0265093265643,08:00:00,18:00:00,10,gunduz
YOL ÜSTÜ,20,28.9739947639643,41.0237861417734,08:00:00,18:00:00,10,gunduz
YOL ÜSTÜ,16,28.9753086281979,41.0232014282903,08:00:00,18:00:00,10,gunduz
YOL ÜSTÜ,40,29.0404352967453,40.992056580501,08:00:00,18:00:00,10,gunduz
YOL ÜSTÜ,25,29.1173448206253,40.9924151622938,08:00:00,18:00:00,10,gunduz
YOL ÜSTÜ,16,29.0570080224903,41.0845829102999,08:00:00,23:59:00,15,gunduz
YOL ÜSTÜ,15,29.0427219374845,41.0672077467611,08:00:00,23:59:00,15,gunduz
YOL ÜSTÜ,27,28.9579304410331,41.0184300606985,08:30:00,18:30:00,10,gunduz
YOL ÜSTÜ,11,29.0571344725735,41.1681068094928,08:00:00,18:00:00,10,gunduz
YOL ÜSTÜ,29,28.9627611692393,41.0210329467797,08:00:00,18:00:00,10,gunduz
YOL ÜSTÜ,40,28.9648529296531,41.0197027080731,07:00:00,18:00:00,11,gunduz
YOL ÜSTÜ,30,28.9662741778895,41.0170711100845,07:00:00,18:00:00,11,gunduz
YOL ÜSTÜ,40,29.0734358893681,40.9597530676995,09:00:00,20:00:00,11,gunduz
YOL ÜSTÜ,50,29.0757523169727,40.9619986013638,09:00:00,20:00:00,11,gunduz
AÇIK OTOPARK,60,28.9761848988207,41.0149750931269,07:00:00,20:00:00,13,gunduz
YOL ÜSTÜ,50,28.975761922864,41.0092770406124,08:00:00,18:00:00,10,gunduz
YOL ÜSTÜ,75,28.9736426936005,41.0066882806944,07:00:00,22:00:00,15,gunduz
YOL ÜSTÜ,75,28.9742397548511,41.0073048410607,07:00:00,22:00:00,15,gunduz
YOL ÜSTÜ,50,29.0096090651442,41.0495730252424,08:00:00,23:00:00,15,gunduz
YOL ÜSTÜ,25,29.2354831095073,40.8788748019956,09:00:00,19:00:00,10,gunduz
YOL ÜSTÜ,15,29.0268364548683,41.050612361508,08:00:00,23:00:00,15,gunduz
YOL ÜSTÜ,37,28.9693755641988,41.005328246269,07:00:00,18:00:00,11,gunduz
YOL ÜSTÜ,37,28.9691095103396,41.0055183589376,07:00:00,18:00:00,11,gunduz
YOL ÜSTÜ,35,28.9567218651891,41.0070789327206,08:00:00,18:00:00,10,gunduz
YOL ÜSTÜ,30,29.0573328407998,41.1150621149252,08:00:00,18:00:00,10,gunduz
YOL ÜSTÜ,20,29.1178984788888,40.9924426745313,08:00:00,18:00:00,10,gunduz
YOL ÜSTÜ,25,28.9515428392275,41.0161469758954,08:00:00,19:00:00,11,gunduz
YOL ÜSTÜ,25,28.945694385541,41.0187221516126,08:00:00,19:00:00,11,gunduz
YOL ÜSTÜ,59,28.9367854918419,41.0029286139093,08:00:00,17:00:00,9,gunduz
YOL ÜSTÜ,59,28.9363190590963,41.0043557409347,08:00:00,17:00:00,9,gunduz
YOL ÜSTÜ,70,28.8759572046035,40.9784725236022,08:00:00,19:00:00,11,gunduz
YOL ÜSTÜ,30,28.878549847204,40.9786184164184,08:00:00,19:00:00,11,gunduz
YOL ÜSTÜ,48,28.9038349137749,40.9933790428899,09:00:00,19:00:00,10,gunduz
YOL ÜSTÜ,30,28.9120675804557,41.0367913479225,08:00:00,18:00:00,10,gunduz
YOL ÜSTÜ,30,28.9119276715415,41.0343075331104,08:00:00,18:00:00,10,gunduz
00:00-23:59,00:00-23:59,00:00-23:59,00:00-23:59,00:00:00,23:59:00,23,tum_gun
YOL ÜSTÜ,30,28.9883828811803,41.0323479026334,09:00:00,18:00:00,9,gunduz
YOL ÜSTÜ,40,28.950898953995,41.0161540163621,08:30:00,19:00:00,11,gunduz
YOL ÜSTÜ,40,28.9505164926743,41.0156996990426,08:30:00,19:00:00,11,gunduz
YOL ÜSTÜ,50,28.8856404202596,41.0090357033789,08:00:00,19:00:00,11,gunduz
YOL ÜSTÜ,27,29.0659158204735,41.0802467042586,09:00:00,20:00:00,11,gunduz
YOL ÜSTÜ,145,28.8231093953212,40.9575323782277,08:00:00,23:59:00,15,gunduz
YOL ÜSTÜ,85,28.8223157132699,40.9571367972732,12:00:00,23:59:00,11,gunduz
YOL ÜSTÜ,100,28.8212454401269,40.9551893023394,08:00:00,23:59:00,15,gunduz
YOL ÜSTÜ,100,28.9928388571993,41.0430165649705,08:00:00,23:59:00,15,gunduz
YOL ÜSTÜ,45,28.7182958832553,40.9806119149019,08:30:00,17:30:00,9,gunduz
YOL ÜSTÜ,45,28.7170529967408,40.9808495339875,08:30:00,17:30:00,9,gunduz
00:00-23:59,00:00-23:59,00:00-23:59,00:00-23:59,00:00:00,23:59:00,23,tum_gun
YOL ÜSTÜ,40,28.6272524390684,41.0175083222788,08:00:00,18:00:00,10,gunduz
YOL ÜSTÜ,26,29.235877152468,40.8770379866724,08:00:00,19:00:00,11,gunduz
YOL ÜSTÜ,40,29.2356051982498,40.8777044044947,08:00:00,19:00:00,11,gunduz
00:00-23:59,00:00-23:59,00:00-23:59,00:00-23:59,00:00:00,23:59:00,23,tum_gun
AÇIK OTOPARK,400,28.7184655666351,40.9712309021757,08:00:00,23:59:00,15,gunduz
AÇIK OTOPARK,200,28.9746605563357,41.0317898000128,08:00:00,05:00:00,15,gunduz
00:00-23:59,00:00-23:59,00:00-23:59,00:00-23:59,00:00:00,23:59:00,23,tum_gun
00:00-23:59,00:00-23:59,00:00-23:59,00:00-23:59,00:00:00,23:59:00,23,tum_gun
00:00-23:59,00:00-23:59,00:00-23:59,00:00-23:59,00:00:00,23:59:00,23,tum_gun
AÇIK OTOPARK,230,29.0697805222364,41.0264293643873,08:00:00,23:59:00,15,gunduz
TAKSİ PARK,40,28.9567286974396,41.0035037300784,07:00:00,15:00:00,8,gunduz
00:00-23:59,00:00-23:59,00:00-23:59,00:00-23:59,00:00:00,23:59:00,23,tum_gun
00:00-23:59,00:00-23:59,00:00-23:59,00:00-23:59,00:00:00,23:59:00,23,tum_gun
YOL ÜSTÜ,14,29.0389906353271,40.9713100107441,09:00:00,19:00:00,10,gunduz
00:00-23:59,00:00-23:59,00:00-23:59,00:00-23:59,00:00:00,23:59:00,23,tum_gun
YOL ÜSTÜ,62,28.8383866669789,40.9591566955503,08:00:00,23:59:00,15,gunduz
00:00-23:59,00:00-23:59,00:00-23:59,00:00-23:59,00:00:00,23:59:00,23,tum_gun
AÇIK OTOPARK,250,28.9669249484166,41.0135496488887,08:00:00,23:00:00,15,gunduz
TAKSİ PARK,11,29.0310359120677,41.1401459367951,07:00:00,23:00:00,16,gunduz
TAKSİ PARK,25,29.261385310299,40.8867233210851,08:00:00,16:00:00,8,gunduz
TAKSİ PARK,50,29.037807200082,40.9923949144964,07:00:00,22:00:00,15,gunduz
00:00-23:59,00:00-23:59,00:00-23:59,00:00-23:59,00:00:00,23:59:00,23,tum_gun
AÇIK OTOPARK,1000,28.7868871782099,40.9726998561913,08:00:00,20:00:00,12,gunduz
00:00-23:59,00:00-23:59,00:00-23:59,00:00-23:59,00:00:00,23:59:00,23,tum_gun
00:00-23:59,00:00-23:59,00:00-23:59,00:00-23:59,00:00:00,23:59:00,23,tum_gun
YOL ÜSTÜ,24,29.1126836778506,41.027017841635,08:00:00,17:00:00,9,gunduz
00:00-23:59,00:00-23:59,00:00-23:59,00:00-23:59,00:00:00,23:59:00,23,tum_gun
AÇIK OTOPARK,500,28.8129177050206,40.9628491559778,07:00:00,19:00:00,12,gunduz
YOL ÜSTÜ,35,28.8693382177047,40.9802074031904,08:00:00,19:00:00,11,gunduz
00:00-23:59,00:00-23:59,00:00-23:59,00:00-23:59,00:00:00,23:59:00,23,tum_gun
00:00-23:59,00:00-23:59,00:00-23:59,00:00-23:59,00:00:00,23:59:00,23,tum_gun
YOL ÜSTÜ,40,28.9536236525008,41.0169435273394,08:00:00,22:00:00,14,gunduz
00:00-23:59,00:00-23:59,00:00-23:59,00:00-23:59,00:00:00,23:59:00,23,tum_gun
YOL ÜSTÜ,30,28.9674655449747,41.0154166485643,07:00:00,18:00:00,11,gunduz
00:00-23:59,00:00-23:59,00:00-23:59,00:00-23:59,00:00:00,23:59:00,23,tum_gun
YOL ÜSTÜ,22,29.0915854648547,41.1346004332964,09:00:00,18:00:00,9,gunduz
YOL ÜSTÜ,30,29.0390889901223,40.9799663298909,09:00:00,18:00:00,9,gunduz
YOL ÜSTÜ,40,29.0391678819179,40.9798145995934,09:00:00,18:00:00,9,gunduz
YOL ÜSTÜ,30,29.0397486433706,40.979135527216,09:00:00,18:00:00,9,gunduz
00:00-23:59,00:00-23:59,00:00-23:59,00:00-23:59,00:00:00,23:59:00,23,tum_gun
YOL ÜSTÜ,45,29.0114568326649,41.0590106537782,08:00:00,18:00:00,10,gunduz
00:00-23:59,00:00-23:59,00:00-23:59,00:00-23:59,00:00:00,23:59:00,23,tum_gun
00:00-23:59,00:00-23:59,00:00-23:59,00:00-23:59,00:00:00,23:59:00,23,tum_gun
00:00-23:59,00:00-23:59,00:00-23:59,00:00-23:59,00:00:00,23:59:00,23,tum_gun
YOL ÜSTÜ,40,28.8700321405274,40.9780745209189,08:00:00,19:00:00,11,gunduz
AÇIK OTOPARK,250,28.9608539005372,41.0160491429123,06:30:00,19:00:00,13,gunduz
YOL ÜSTÜ,40,28.8834084558235,41.1793733766854,09:00:00,19:00:00,10,gunduz
YOL ÜSTÜ,40,28.8844409943035,41.1783602003273,09:00:00,19:00:00,10,gunduz
YOL ÜSTÜ,40,28.8901048441369,41.1764864031846,09:00:00,19:00:00,10,gunduz
00:00-23:59,00:00-23:59,00:00-23:59,00:00-23:59,00:00:00,23:59:00,23,tum_gun
YOL ÜSTÜ,60,28.9530799370274,41.0161345344917,08:30:00,19:00:00,11,gunduz
YOL ÜSTÜ,30,28.9667614064156,41.0142245832163,07:30:00,18:00:00,11,gunduz
00:00-23:59,00:00-23:59,00:00-23:59,00:00-23:59,00:00:00,23:59:00,23,tum_gun
00:00-23:59,00:00-23:59,00:00-23:59,00:00-23:59,00:00:00,23:59:00,23,tum_gun
00:00-23:59,00:00-23:59,00:00-23:59,00:00-23:59,00:00:00,23:59:00,23,tum_gun
AÇIK OTOPARK,70,28.8494378328323,40.9960143526425,08:00:00,23:59:00,15,gunduz
AÇIK OTOPARK,150,28.8798835873604,41.0011359141164,08:00:00,18:00:00,10,gunduz
00:00-23:59,00:00-23:59,00:00-23:59,00:00-23:59,00:00:00,23:59:00,23,tum_gun
00:00-23:59,00:00-23:59,00:00-23:59,00:00-23:59,00:00:00,23:59:00,23,tum_gun
YOL ÜSTÜ,60,28.6223217351186,41.0224907672281,05:45:00,16:00:00,11,gece
TAKSİ PARK,10,28.91044852088,41.01678010713,07:00:00,23:00:00,16,gunduz
AÇIK OTOPARK,5000,28.9889197599634,41.1833081634424,06:00:00,20:00:00,14,gunduz
00:00-23:59,00:00-23:59,00:00-23:59,00:00-23:59,00:00:00,23:59:00,23,tum_gun
00:00-23:59,00:00-23:59,00:00-23:59,00:00-23:59,00:00:00,23:59:00,23,tum_gun
00:00-23:59,00:00-23:59,00:00-23:59,00:00-23:59,00:00:00,23:59:00,23,tum_gun
00:00-23:59,00:00-23:59,00:00-23:59,00:00-23:59,00:00:00,23:59:00,23,tum_gun
00:00-23:59,00:00-23:59,00:00-23:59,00:00-23:59,00:00:00,23:59:00,23,tum_gun
YOL ÜSTÜ,25,29.021811656285,40.9904827588532,06:30:00,23:00:00,17,tum_gun
00:00-23:59,00:00-23:59,00:00-23:59,00:00-23:59,00:00:00,23:59:00,23,tum_gun
00:00-23:59,00:00-23:59,00:00-23:59,00:00-23:59,00:00:00,23:59:00,23,tum_gun
MİNİBÜS PARK,65,29.1608894931117,41.0157632571068,07:00:00,21:00:00,14,gunduz
AÇIK OTOPARK,200,28.9504444599152,41.0063845956061,07:00:00,23:00:00,16,gunduz
YOL ÜSTÜ,100,29.1183041371016,41.03293696765,07:45:00,17:00:00,10,gunduz
YOL ÜSTÜ,60,29.1193021979309,41.03385978598,07:45:00,17:00:00,10,gunduz
YOL ÜSTÜ,45,29.1195714114978,41.0341904952674,07:45:00,17:00:00,10,gunduz
00:00-23:59,00:00-23:59,00:00-23:59,00:00-23:59,00:00:00,23:59:00,23,tum_gun
YOL ÜSTÜ,50,29.1727403294819,41.030674394162,08:00:00,19:00:00,11,gunduz
YOL ÜSTÜ,45,28.8911461830139,41.0089025188688,08:00:00,18:00:00,10,gunduz
YOL ÜSTÜ,24,29.1125243481899,41.0269298684413,08:00:00,17:00:00,9,gunduz
YOL ÜSTÜ,24,29.2338305711746,40.88012851253,09:00:00,19:00:00,10,gunduz
AÇIK OTOPARK,55,28.9642008826111,41.0195899292842,08:00:00,18:00:00,10,gunduz
YOL ÜSTÜ,25,28.9760904316027,41.0169576758643,08:00:00,19:00:00,11,gunduz
AÇIK OTOPARK,100,29.1711846706992,40.9179041192046,07:00:00,20:00:00,13,gunduz
YOL ÜSTÜ,45,28.9784526837874,41.0234164887299,08:00:00,23:59:00,15,gunduz
YOL ÜSTÜ,45,28.9443343877792,41.0219783846296,08:00:00,19:00:00,11,gunduz
00:00-23:59,00:00-23:59,00:00-23:59,00:00-23:59,00:00:00,23:59:00,23,tum_gun
YOL ÜSTÜ,25,28.6887158196755,41.0715141387959,09:00:00,19:00:00,10,gunduz
00:00-23:59,00:00-23:59,00:00-23:59,00:00-23:59,00:00:00,23:59:00,23,tum_gun
00:00-23:59,00:00-23:59,00:00-23:59,00:00-23:59,00:00:00,23:59:00,23,tum_gun
YOL ÜSTÜ,25,28.6911566336691,41.0673299119546,09:00:00,20:00:00,11,gunduz
00:00-23:59,00:00-23:59,00:00-23:59,00:00-23:59,00:00:00,23:59:00,23,tum_gun
AÇIK OTOPARK,23,29.060645699501,40.987448512221,08:00:00,17:00:00,9,gunduz
00:00-23:59,00:00-23:59,00:00-23:59,00:00-23:59,00:00:00,23:59:00,23,tum_gun
AÇIK OTOPARK,30,28.9333020173581,41.0134968049432,08:00:00,19:00:00,11,gunduz
YOL ÜSTÜ,75,28.9031956893257,41.0414957483584,08:00:00,19:00:00,11,gunduz
00:00-23:59,00:00-23:59,00:00-23:59,00:00-23:59,00:00:00,23:59:00,23,tum_gun
00:00-23:59,00:00-23:59,00:00-23:59,00:00-23:59,00:00:00,23:59:00,23,tum_gun
00:00-23:59,00:00-23:59,00:00-23:59,00:00-23:59,00:00:00,23:59:00,23,tum_gun
00:00-23:59,00:00-23:59,00:00-23:59,00:00-23:59,00:00:00,23:59:00,23,tum_gun
YOL ÜSTÜ,39,29.0252871470444,41.0155376994208,08:00:00,17:00:00,9,gunduz
YOL ÜSTÜ,23,29.0194074217382,41.019189847579,08:00:00,18:00:00,10,gunduz
YOL ÜSTÜ,26,29.0253373575026,41.033601776846,07:00:00,19:00:00,12,gunduz
YOL ÜSTÜ,22,29.1276947278216,40.9933479050612,08:00:00,18:00:00,10,gunduz
00:00-23:59,00:00-23:59,00:00-23:59,00:00-23:59,00:00:00,23:59:00,23,tum_gun
AÇIK OTOPARK,230,29.1118522373458,41.0320801168969,06:45:00,18:00:00,12,gunduz
00:00-23:59,00:00-23:59,00:00-23:59,00:00-23:59,00:00:00,23:59:00,23,tum_gun
YOL ÜSTÜ,30,-99.0,-99.0,09:00:00,22:00:00,13,gunduz
YOL ÜSTÜ,15,29.0575767708468,41.1070443369881,08:00:00,23:59:00,15,gunduz
YOL ÜSTÜ,45,28.7152270465458,40.9811745900338,08:30:00,17:30:00,9,gunduz
YOL ÜSTÜ,19,29.056932287504,41.0843327967144,08:00:00,23:59:00,15,gunduz
AÇIK OTOPARK,100,29.1711486846136,40.9179174281845,07:00:00,20:00:00,13,gunduz
AÇIK OTOPARK,125,28.8009291052705,41.107371570268,07:00:00,18:00:00,11,gunduz
AÇIK OTOPARK,180,29.058794778935,40.9983481796528,06:30:00,19:00:00,13,gunduz
AÇIK OTOPARK,110,28.9910309360562,41.045817301996,08:00:00,20:00:00,12,gunduz
AÇIK OTOPARK,5000,28.9196677863534,41.1967928344884,06:00:00,23:59:00,17,tum_gun
YOL ÜSTÜ,45,28.9870563332589,41.0537351622192,08:00:00,23:59:00,15,gunduz
AÇIK OTOPARK,5000,28.9205176741653,41.1970264007371,06:00:00,23:59:00,17,tum_gun
YOL ÜSTÜ,115,29.3079115329347,40.9270358315771,08:00:00,19:00:00,11,gunduz
00:00-23:59,00:00-23:59,00:00-23:59,00:00-23:59,00:00:00,23:59:00,23,tum_gun
AÇIK OTOPARK,277,29.1970078361443,40.8854464636483,09:00:00,19:00:00,10,gunduz
AÇIK OTOPARK,100,29.105671852082,41.0260683915105,08:00:00,19:00:00,11,gunduz
00:00-23:59,00:00-23:59,00:00-23:59,00:00-23:59,00:00:00,23:59:00,23,tum_gun
00:00-23:59,00:00-23:59,00:00-23:59,00:00-23:59,00:00:00,23:59:00,23,tum_gun
00:00-23:59,00:00-23:59,00:00-23:59,00:00-23:59,00:00:00,23:59:00,23,tum_gun
00:00-23:59,00:00-23:59,00:00-23:59,00:00-23:59,00:00:00,23:59:00,23,tum_gun
YOL ÜSTÜ,34,29.1150975405449,41.02613051458,07:45:00,17:00:00,10,gunduz
YOL ÜSTÜ,34,29.1151310681576,41.026084986127,07:45:00,17:00:00,10,gunduz
00:00-23:59,00:00-23:59,00:00-23:59,00:00-23:59,00:00:00,23:59:00,23,tum_gun
00:00-23:59,00:00-23:59,00:00-23:59,00:00-23:59,00:00:00,23:59:00,23,tum_gun
AÇIK OTOPARK,135,29.0427961631656,41.0248455789954,07:00:00,18:00:00,11,gunduz
YOL ÜSTÜ,25,29.1763980638423,41.032700826397,08:00:00,19:00:00,11,gunduz
YOL ÜSTÜ,25,29.0364496713435,40.9692532913464,09:00:00,19:00:00,10,gunduz
